{"train_loss_step":0.004640630912035704,"_runtime":1369.513486856,"_wandb":{"runtime":1373},"trainer/global_step":437,"epoch":4,"_timestamp":1.7335983597568855e+09,"_step":878,"lr-AdamW":0.0001,"train_loss_epoch":0.005255528725683689}