{"_wandb":{"runtime":815},"epoch":2,"_runtime":811.560367443,"train_loss_step":0.005439549684524536,"_step":514,"trainer/global_step":256,"train_loss_epoch":0.007501448970288038,"_timestamp":1.733599618564921e+09,"lr-AdamW":0.0001}